{
    "root_group": {
        "name": "",
        "path": "",
        "id": "d41d8cd98f00b204e9800998ecf8427e",
        "groups": {},
        "checks": {
                "status 200": {
                    "id": "fad9fa412b86fcb03bee97c80dcd61f1",
                    "passes": 120497,
                    "fails": 0,
                    "name": "status 200",
                    "path": "::status 200"
                },
                "has DONE": {
                    "name": "has DONE",
                    "path": "::has DONE",
                    "id": "19ca296a6342945a257a3dbfec52eab5",
                    "passes": 120497,
                    "fails": 0
                }
            }
    },
    "metrics": {
        "http_req_blocked": {
            "p(90)": 0.003034,
            "p(95)": 0.003507,
            "avg": 0.0033313238171904956,
            "min": 0.000679,
            "med": 0.002081,
            "max": 6.463489
        },
        "http_req_tls_handshaking": {
            "min": 0,
            "med": 0,
            "max": 0,
            "p(90)": 0,
            "p(95)": 0,
            "avg": 0
        },
        "http_req_receiving": {
            "p(95)": 5.4666874,
            "avg": 1.6664816900337924,
            "min": 0.009961,
            "med": 1.036728,
            "max": 18.805935,
            "p(90)": 4.3157794
        },
        "checks": {
            "fails": 0,
            "passes": 240994,
            "value": 1
        },
        "data_received": {
            "count": 977396166,
            "rate": 16288202.945621468
        },
        "iteration_duration": {
            "max": 25.735146,
            "p(90)": 7.852752200000001,
            "p(95)": 9.1062276,
            "avg": 4.96895280762179,
            "min": 0.706072,
            "med": 4.671304
        },
        "http_req_failed": {
            "fails": 120497,
            "passes": 0,
            "value": 0
        },
        "data_sent": {
            "count": 19641011,
            "rate": 327315.3551793078
        },
        "http_req_waiting": {
            "avg": 3.1676203231283715,
            "min": 0.151089,
            "med": 2.773831,
            "max": 20.006554,
            "p(90)": 5.8990236000000005,
            "p(95)": 6.7596608
        },
        "iterations": {
            "count": 120497,
            "rate": 2008.069663676735
        },
        "http_req_duration": {
            "min": 0.641022,
            "med": 4.553033,
            "max": 25.622875,
            "p(90)": 7.718479600000004,
            "p(95)": 8.957472199999998,
            "avg": 4.849235704532124
        },
        "http_req_sending": {
            "p(90)": 0.014992,
            "p(95)": 0.028224999999999986,
            "avg": 0.015133691369909927,
            "min": 0.002435,
            "med": 0.008315,
            "max": 5.574022
        },
        "vus": {
            "value": 10,
            "min": 10,
            "max": 10
        },
        "http_req_connecting": {
            "p(95)": 0,
            "avg": 0.00002245951351485929,
            "min": 0,
            "med": 0,
            "max": 0.61376,
            "p(90)": 0
        },
        "vus_max": {
            "min": 10,
            "max": 10,
            "value": 10
        },
        "http_reqs": {
            "count": 120497,
            "rate": 2008.069663676735
        },
        "http_req_duration{expected_response:true}": {
            "max": 25.622875,
            "p(90)": 7.718479600000004,
            "p(95)": 8.957472199999998,
            "avg": 4.849235704532124,
            "min": 0.641022,
            "med": 4.553033
        }
    }
}