{
    "metrics": {
        "iterations": {
            "count": 56915,
            "rate": 813.0522389589447
        },
        "vus": {
            "value": 1,
            "min": 1,
            "max": 199
        },
        "http_req_duration{expected_response:true}": {
            "min": 1.568225,
            "med": 52.155533,
            "max": 966.665883,
            "p(90)": 218.09203399999998,
            "p(95)": 286.38658339999984,
            "avg": 87.17054325251708
        },
        "http_req_tls_handshaking": {
            "med": 0,
            "max": 0,
            "p(90)": 0,
            "p(95)": 0,
            "avg": 0,
            "min": 0
        },
        "http_req_receiving": {
            "avg": 19.28500529821659,
            "min": 0.027994,
            "med": 4.907174,
            "max": 807.188051,
            "p(90)": 56.48818119999999,
            "p(95)": 103.64812559999984
        },
        "vus_max": {
            "value": 200,
            "min": 200,
            "max": 200
        },
        "http_req_blocked": {
            "med": 0.002875,
            "max": 10.058687,
            "p(90)": 0.003876,
            "p(95)": 0.004386299999999996,
            "avg": 0.008840743564965255,
            "min": 0.001447
        },
        "http_req_sending": {
            "min": 0.005647,
            "med": 0.010785,
            "max": 16.955904,
            "p(90)": 0.016584,
            "p(95)": 0.022965399999999966,
            "avg": 0.024920919845383607
        },
        "checks": {
            "passes": 113830,
            "fails": 0,
            "value": 1
        },
        "data_received": {
            "count": 495957310,
            "rate": 7084937.210288244
        },
        "http_req_waiting": {
            "min": 0.408733,
            "med": 33.503494,
            "max": 895.321567,
            "p(90)": 182.93665959999998,
            "p(95)": 236.9786439999998,
            "avg": 67.86061703445526
        },
        "http_req_duration": {
            "max": 966.665883,
            "p(90)": 218.09203399999998,
            "p(95)": 286.38658339999984,
            "avg": 87.17054325251708,
            "min": 1.568225,
            "med": 52.155533
        },
        "http_req_connecting": {
            "min": 0,
            "med": 0,
            "max": 9.112589,
            "p(90)": 0,
            "p(95)": 0,
            "avg": 0.002226318791179829
        },
        "http_req_failed": {
            "passes": 0,
            "fails": 56915,
            "value": 0
        },
        "http_reqs": {
            "count": 56915,
            "rate": 813.0522389589447
        },
        "data_sent": {
            "count": 9277145,
            "rate": 132527.514950308
        },
        "iteration_duration": {
            "avg": 87.37255650357565,
            "min": 1.671876,
            "med": 52.333402,
            "max": 966.762517,
            "p(90)": 218.23249259999997,
            "p(95)": 286.5901408999999
        }
    },
    "root_group": {
        "name": "",
        "path": "",
        "id": "d41d8cd98f00b204e9800998ecf8427e",
        "groups": {},
        "checks": {
                "status 200": {
                    "name": "status 200",
                    "path": "::status 200",
                    "id": "fad9fa412b86fcb03bee97c80dcd61f1",
                    "passes": 56915,
                    "fails": 0
                },
                "has DONE": {
                    "name": "has DONE",
                    "path": "::has DONE",
                    "id": "19ca296a6342945a257a3dbfec52eab5",
                    "passes": 56915,
                    "fails": 0
                }
            }
    }
}