{
    "root_group": {
        "name": "",
        "path": "",
        "id": "d41d8cd98f00b204e9800998ecf8427e",
        "groups": {},
        "checks": {
                "status 200": {
                    "name": "status 200",
                    "path": "::status 200",
                    "id": "fad9fa412b86fcb03bee97c80dcd61f1",
                    "passes": 108015,
                    "fails": 0
                },
                "has DONE": {
                    "name": "has DONE",
                    "path": "::has DONE",
                    "id": "19ca296a6342945a257a3dbfec52eab5",
                    "passes": 108015,
                    "fails": 0
                }
            }
    },
    "metrics": {
        "checks": {
            "fails": 0,
            "passes": 216030,
            "value": 1
        },
        "data_received": {
            "count": 865078441,
            "rate": 12358194.969806273
        },
        "iterations": {
            "count": 108015,
            "rate": 1543.0628789229352
        },
        "http_req_waiting": {
            "avg": 42.518565083544004,
            "min": 0.24605,
            "med": 32.203552,
            "max": 283.080194,
            "p(90)": 98.34114820000003,
            "p(95)": 119.39328109999983
        },
        "vus": {
            "value": 1,
            "min": 1,
            "max": 199
        },
        "http_req_sending": {
            "p(95)": 0.021336599999999976,
            "avg": 0.015154733555524713,
            "min": 0.00473,
            "med": 0.008892,
            "max": 13.028501,
            "p(90)": 0.016681
        },
        "vus_max": {
            "value": 200,
            "min": 200,
            "max": 200
        },
        "iteration_duration": {
            "med": 36.203124,
            "max": 312.886366,
            "p(90)": 103.4328294,
            "p(95)": 125.50269199999998,
            "avg": 45.94734921765494,
            "min": 1.220332
        },
        "http_req_duration": {
            "avg": 45.81770266959184,
            "min": 1.1111,
            "med": 36.077433,
            "max": 312.782418,
            "p(90)": 103.29631840000002,
            "p(95)": 125.39513669999998
        },
        "http_req_receiving": {
            "avg": 3.2839828524927106,
            "min": 0.015194,
            "med": 0.080541,
            "max": 179.48573,
            "p(90)": 7.000079400000018,
            "p(95)": 21.148209599999984
        },
        "http_req_tls_handshaking": {
            "avg": 0,
            "min": 0,
            "med": 0,
            "max": 0,
            "p(90)": 0,
            "p(95)": 0
        },
        "http_req_duration{expected_response:true}": {
            "med": 36.077433,
            "max": 312.782418,
            "p(90)": 103.29631840000002,
            "p(95)": 125.39513669999998,
            "avg": 45.81770266959184,
            "min": 1.1111
        },
        "http_req_connecting": {
            "min": 0,
            "med": 0,
            "max": 8.367517,
            "p(90)": 0,
            "p(95)": 0,
            "avg": 0.0005513125306670367
        },
        "http_req_failed": {
            "passes": 0,
            "fails": 108015,
            "value": 0
        },
        "data_sent": {
            "count": 17606445,
            "rate": 251519.24926443843
        },
        "http_reqs": {
            "count": 108015,
            "rate": 1543.0628789229352
        },
        "http_req_blocked": {
            "med": 0.002427,
            "max": 13.964805,
            "p(90)": 0.003858,
            "p(95)": 0.004443,
            "avg": 0.004391760088876593,
            "min": 0.001335
        }
    }
}