{
    "root_group": {
        "name": "",
        "path": "",
        "id": "d41d8cd98f00b204e9800998ecf8427e",
        "groups": {},
        "checks": {
                "status 200": {
                    "name": "status 200",
                    "path": "::status 200",
                    "id": "fad9fa412b86fcb03bee97c80dcd61f1",
                    "passes": 104048,
                    "fails": 0
                },
                "has DONE": {
                    "passes": 104048,
                    "fails": 0,
                    "name": "has DONE",
                    "path": "::has DONE",
                    "id": "19ca296a6342945a257a3dbfec52eab5"
                }
            }
    },
    "metrics": {
        "http_req_tls_handshaking": {
            "med": 0,
            "max": 0,
            "p(90)": 0,
            "p(95)": 0,
            "avg": 0,
            "min": 0
        },
        "http_req_connecting": {
            "avg": 0.000009725693910502845,
            "min": 0,
            "med": 0,
            "max": 0.217218,
            "p(90)": 0,
            "p(95)": 0
        },
        "http_req_failed": {
            "passes": 0,
            "fails": 104048,
            "value": 0
        },
        "vus_max": {
            "value": 10,
            "min": 10,
            "max": 10
        },
        "iterations": {
            "count": 104048,
            "rate": 1734.037522009018
        },
        "http_req_duration{expected_response:true}": {
            "p(95)": 10.119241899999999,
            "avg": 5.644233794296771,
            "min": 0.936136,
            "med": 5.292698,
            "max": 25.636548,
            "p(90)": 8.8666404
        },
        "data_received": {
            "count": 910524423,
            "rate": 15174568.6047556
        },
        "http_req_sending": {
            "avg": 0.015011754622866393,
            "min": 0.002529,
            "med": 0.0078265,
            "max": 8.200376,
            "p(90)": 0.01336990000000001,
            "p(95)": 0.02541424999999997
        },
        "http_reqs": {
            "count": 104048,
            "rate": 1734.037522009018
        },
        "vus": {
            "value": 10,
            "min": 10,
            "max": 10
        },
        "http_req_receiving": {
            "avg": 2.3035075316200393,
            "min": 0.017911,
            "med": 1.8158725,
            "max": 22.2467,
            "p(90)": 5.2585538000000005,
            "p(95)": 6.507710349999997
        },
        "http_req_duration": {
            "max": 25.636548,
            "p(90)": 8.8666404,
            "p(95)": 10.119241899999999,
            "avg": 5.644233794296771,
            "min": 0.936136,
            "med": 5.292698
        },
        "checks": {
            "passes": 208096,
            "fails": 0,
            "value": 1
        },
        "iteration_duration": {
            "max": 25.71669,
            "p(90)": 8.982614900000003,
            "p(95)": 10.255813699999997,
            "avg": 5.756168612928561,
            "min": 0.989392,
            "med": 5.403890499999999
        },
        "data_sent": {
            "count": 16959824,
            "rate": 282648.1160874699
        },
        "http_req_waiting": {
            "avg": 3.3257145080539288,
            "min": 0.11934,
            "med": 2.868374,
            "max": 22.210853,
            "p(90)": 6.438765700000001,
            "p(95)": 7.476136499999999
        },
        "http_req_blocked": {
            "avg": 0.002999942901353226,
            "min": 0.000702,
            "med": 0.001984,
            "max": 4.16812,
            "p(90)": 0.002993,
            "p(95)": 0.003426
        }
    }
}