{
    "metrics": {
        "iteration_duration": {
            "p(90)": 173.768467,
            "p(95)": 269.05505625,
            "avg": 59.91525320248796,
            "min": 1.214169,
            "med": 14.142323,
            "max": 1751.803798
        },
        "vus": {
            "value": 1,
            "min": 1,
            "max": 199
        },
        "http_req_duration": {
            "avg": 59.77289636804386,
            "min": 1.130728,
            "med": 13.9920925,
            "max": 1751.734637,
            "p(90)": 173.5956785,
            "p(95)": 268.83637025
        },
        "http_reqs": {
            "count": 83096,
            "rate": 1187.0669625450269
        },
        "http_req_blocked": {
            "avg": 0.005312722080485229,
            "min": 0.001371,
            "med": 0.002595,
            "max": 7.026498,
            "p(90)": 0.003635,
            "p(95)": 0.00409725
        },
        "http_req_failed": {
            "passes": 0,
            "fails": 83096,
            "value": 0
        },
        "http_req_sending": {
            "p(90)": 0.014823,
            "p(95)": 0.018896,
            "avg": 0.01728493447338022,
            "min": 0.005094,
            "med": 0.009377,
            "max": 8.255333
        },
        "http_req_waiting": {
            "med": 5.7434145,
            "max": 1282.769644,
            "p(90)": 113.05275599999999,
            "p(95)": 192.32794525,
            "avg": 36.316989329377805,
            "min": 0.160891
        },
        "http_req_connecting": {
            "max": 2.986997,
            "p(90)": 0,
            "p(95)": 0,
            "avg": 0.0009987629488784056,
            "min": 0,
            "med": 0
        },
        "data_received": {
            "rate": 10388058.77438053,
            "count": 727175601
        },
        "iterations": {
            "count": 83096,
            "rate": 1187.0669625450269
        },
        "http_req_tls_handshaking": {
            "avg": 0,
            "min": 0,
            "med": 0,
            "max": 0,
            "p(90)": 0,
            "p(95)": 0
        },
        "http_req_duration{expected_response:true}": {
            "min": 1.130728,
            "med": 13.9920925,
            "max": 1751.734637,
            "p(90)": 173.5956785,
            "p(95)": 268.83637025,
            "avg": 59.77289636804386
        },
        "http_req_receiving": {
            "med": 4.4601025,
            "max": 1685.884746,
            "p(90)": 58.2013475,
            "p(95)": 130.44850225,
            "avg": 23.438622104192962,
            "min": 0.029541
        },
        "checks": {
            "fails": 0,
            "passes": 166192,
            "value": 1
        },
        "data_sent": {
            "count": 13544648,
            "rate": 193491.9148948394
        },
        "vus_max": {
            "value": 200,
            "min": 200,
            "max": 200
        }
    },
    "root_group": {
        "checks": {
            "status 200": {
                "path": "::status 200",
                "id": "fad9fa412b86fcb03bee97c80dcd61f1",
                "passes": 83096,
                "fails": 0,
                "name": "status 200"
            },
            "has DONE": {
                "name": "has DONE",
                "path": "::has DONE",
                "id": "19ca296a6342945a257a3dbfec52eab5",
                "passes": 83096,
                "fails": 0
            }
        },
        "name": "",
        "path": "",
        "id": "d41d8cd98f00b204e9800998ecf8427e",
        "groups": {}
    }
}