{
    "root_group": {
        "name": "",
        "path": "",
        "id": "d41d8cd98f00b204e9800998ecf8427e",
        "groups": {},
        "checks": {
                "status 200": {
                    "name": "status 200",
                    "path": "::status 200",
                    "id": "fad9fa412b86fcb03bee97c80dcd61f1",
                    "passes": 118969,
                    "fails": 0
                },
                "has DONE": {
                    "fails": 0,
                    "name": "has DONE",
                    "path": "::has DONE",
                    "id": "19ca296a6342945a257a3dbfec52eab5",
                    "passes": 118969
                }
            }
    },
    "metrics": {
        "http_req_duration{expected_response:true}": {
            "p(95)": 9.263625599999997,
            "avg": 4.916776458808546,
            "min": 0.659747,
            "med": 4.619154,
            "max": 27.156249,
            "p(90)": 7.905392600000001
        },
        "http_req_sending": {
            "avg": 0.015788619262160863,
            "min": 0.002387,
            "med": 0.007902,
            "max": 11.847606,
            "p(90)": 0.014797199999999996,
            "p(95)": 0.027064999999999957
        },
        "http_req_waiting": {
            "med": 2.829295,
            "max": 19.933755,
            "p(90)": 6.1263124,
            "p(95)": 7.050022799999996,
            "avg": 3.233504496213308,
            "min": 0.119377
        },
        "vus": {
            "value": 10,
            "min": 10,
            "max": 10
        },
        "http_req_tls_handshaking": {
            "med": 0,
            "max": 0,
            "p(90)": 0,
            "p(95)": 0,
            "avg": 0,
            "min": 0
        },
        "vus_max": {
            "max": 10,
            "value": 10,
            "min": 10
        },
        "data_sent": {
            "count": 19391947,
            "rate": 323155.8443756069
        },
        "iteration_duration": {
            "max": 27.207519,
            "p(90)": 8.035765600000001,
            "p(95)": 9.410580799999995,
            "avg": 5.032894464146176,
            "min": 0.71575,
            "med": 4.735689
        },
        "checks": {
            "fails": 0,
            "passes": 237938,
            "value": 1
        },
        "data_received": {
            "count": 960124978,
            "rate": 15999940.489302132
        },
        "http_req_duration": {
            "min": 0.659747,
            "med": 4.619154,
            "max": 27.156249,
            "p(90)": 7.905392600000001,
            "p(95)": 9.263625599999997,
            "avg": 4.916776458808546
        },
        "http_req_receiving": {
            "max": 22.075756,
            "p(90)": 4.4363372,
            "p(95)": 5.6377504,
            "avg": 1.6674833433331469,
            "min": 0.00955,
            "med": 0.952965
        },
        "http_reqs": {
            "count": 118969,
            "rate": 1982.551192488386
        },
        "http_req_connecting": {
            "avg": 0.000050344703242021024,
            "min": 0,
            "med": 0,
            "max": 1.696585,
            "p(90)": 0,
            "p(95)": 0
        },
        "iterations": {
            "count": 118969,
            "rate": 1982.551192488386
        },
        "http_req_blocked": {
            "min": 0.000711,
            "med": 0.001996,
            "max": 7.198361,
            "p(90)": 0.003059,
            "p(95)": 0.003548,
            "avg": 0.0033496787818675087
        },
        "http_req_failed": {
            "fails": 118969,
            "passes": 0,
            "value": 0
        }
    }
}