{
    "root_group": {
        "name": "",
        "path": "",
        "id": "d41d8cd98f00b204e9800998ecf8427e",
        "groups": {},
        "checks": {
                "status 200": {
                    "name": "status 200",
                    "path": "::status 200",
                    "id": "fad9fa412b86fcb03bee97c80dcd61f1",
                    "passes": 78657,
                    "fails": 0
                },
                "has DONE": {
                    "fails": 0,
                    "name": "has DONE",
                    "path": "::has DONE",
                    "id": "19ca296a6342945a257a3dbfec52eab5",
                    "passes": 78657
                }
            }
    },
    "metrics": {
        "http_req_waiting": {
            "avg": 37.71613572676265,
            "min": 0.148219,
            "med": 5.594071,
            "max": 1202.679502,
            "p(90)": 116.4073398,
            "p(95)": 205.42165539999996
        },
        "data_sent": {
            "count": 12821091,
            "rate": 183155.14733349436
        },
        "http_req_receiving": {
            "med": 5.628959,
            "max": 1066.156502,
            "p(90)": 61.379996600000034,
            "p(95)": 138.47949079999995,
            "avg": 25.37923847621951,
            "min": 0.029145
        },
        "http_req_tls_handshaking": {
            "max": 0,
            "p(90)": 0,
            "p(95)": 0,
            "avg": 0,
            "min": 0,
            "med": 0
        },
        "http_reqs": {
            "count": 78657,
            "rate": 1123.6512106349348
        },
        "http_req_failed": {
            "passes": 0,
            "fails": 78657,
            "value": 0
        },
        "checks": {
            "passes": 157314,
            "fails": 0,
            "value": 1
        },
        "data_received": {
            "count": 688328328,
            "rate": 9833084.901172439
        },
        "vus": {
            "min": 1,
            "max": 199,
            "value": 1
        },
        "iterations": {
            "count": 78657,
            "rate": 1123.6512106349348
        },
        "iteration_duration": {
            "p(90)": 188.1651386000001,
            "p(95)": 294.46689239999984,
            "avg": 63.253814098083865,
            "min": 1.226283,
            "med": 15.542994,
            "max": 1543.94916
        },
        "http_req_connecting": {
            "p(90)": 0,
            "p(95)": 0,
            "avg": 0.0014230427552538233,
            "min": 0,
            "med": 0,
            "max": 5.666361
        },
        "vus_max": {
            "value": 200,
            "min": 200,
            "max": 200
        },
        "http_req_duration": {
            "avg": 63.113382012216974,
            "min": 1.143577,
            "med": 15.395548,
            "max": 1543.872766,
            "p(90)": 188.05068860000003,
            "p(95)": 294.32097839999994
        },
        "http_req_blocked": {
            "med": 0.002741,
            "max": 13.991684,
            "p(90)": 0.003774,
            "p(95)": 0.004205,
            "avg": 0.006133312864716402,
            "min": 0.001436
        },
        "http_req_duration{expected_response:true}": {
            "avg": 63.113382012216974,
            "min": 1.143577,
            "med": 15.395548,
            "max": 1543.872766,
            "p(90)": 188.05068860000003,
            "p(95)": 294.32097839999994
        },
        "http_req_sending": {
            "max": 13.822194,
            "p(90)": 0.01491740000000001,
            "p(95)": 0.018988399999999996,
            "avg": 0.018007809235033177,
            "min": 0.005325,
            "med": 0.009754
        }
    }
}