{
    "root_group": {
        "name": "",
        "path": "",
        "id": "d41d8cd98f00b204e9800998ecf8427e",
        "groups": {},
        "checks": {
                "status 200": {
                    "name": "status 200",
                    "path": "::status 200",
                    "id": "fad9fa412b86fcb03bee97c80dcd61f1",
                    "passes": 4890,
                    "fails": 0
                },
                "has DONE": {
                    "name": "has DONE",
                    "path": "::has DONE",
                    "id": "19ca296a6342945a257a3dbfec52eab5",
                    "passes": 4890,
                    "fails": 0
                }
            }
    },
    "metrics": {
        "http_req_waiting": {
            "max": 33.45401,
            "p(90)": 12.165292100000002,
            "p(95)": 14.170078950000002,
            "avg": 6.999321513292424,
            "min": 0.590582,
            "med": 6.345869
        },
        "data_sent": {
            "count": 797070,
            "rate": 132695.77389334948
        },
        "http_req_blocked": {
            "avg": 0.011308865644171773,
            "min": 0.001588,
            "med": 0.002881,
            "max": 9.482287,
            "p(90)": 0.0041692000000000005,
            "p(95)": 0.0047632
        },
        "http_req_receiving": {
            "avg": 5.0182310505112335,
            "min": 0.029233,
            "med": 4.220268000000001,
            "max": 32.324952,
            "p(90)": 10.233871000000004,
            "p(95)": 12.307392250000003
        },
        "iteration_duration": {
            "avg": 12.260318898977532,
            "min": 2.484071,
            "med": 11.46218,
            "max": 41.899715,
            "p(90)": 18.7994358,
            "p(95)": 21.456064050000002
        },
        "vus": {
            "value": 10,
            "min": 10,
            "max": 10
        },
        "data_received": {
            "count": 42611460,
            "rate": 7093932.354028512
        },
        "iterations": {
            "count": 4890,
            "rate": 814.084502413187
        },
        "http_reqs": {
            "count": 4890,
            "rate": 814.084502413187
        },
        "http_req_connecting": {
            "max": 0.839703,
            "p(90)": 0,
            "p(95)": 0,
            "avg": 0.0012093887525562372,
            "min": 0,
            "med": 0
        },
        "http_req_duration": {
            "med": 11.216723,
            "max": 41.801502,
            "p(90)": 18.593105200000007,
            "p(95)": 21.22815925,
            "avg": 12.048544515746446,
            "min": 2.405983
        },
        "vus_max": {
            "value": 10,
            "min": 10,
            "max": 10
        },
        "http_req_duration{expected_response:true}": {
            "p(95)": 21.22815925,
            "avg": 12.048544515746446,
            "min": 2.405983,
            "med": 11.216723,
            "max": 41.801502,
            "p(90)": 18.593105200000007
        },
        "http_req_sending": {
            "p(95)": 0.026434200000000015,
            "avg": 0.0309919519427403,
            "min": 0.005992,
            "med": 0.010987,
            "max": 14.905285,
            "p(90)": 0.018025000000000003
        },
        "checks": {
            "passes": 9780,
            "fails": 0,
            "value": 1
        },
        "http_req_failed": {
            "passes": 0,
            "fails": 4890,
            "value": 0
        },
        "http_req_tls_handshaking": {
            "avg": 0,
            "min": 0,
            "med": 0,
            "max": 0,
            "p(90)": 0,
            "p(95)": 0
        }
    }
}