{
    "root_group": {
        "name": "",
        "path": "",
        "id": "d41d8cd98f00b204e9800998ecf8427e",
        "groups": {},
        "checks": {
                "status 200": {
                    "name": "status 200",
                    "path": "::status 200",
                    "id": "fad9fa412b86fcb03bee97c80dcd61f1",
                    "passes": 96136,
                    "fails": 0
                },
                "has DONE": {
                    "name": "has DONE",
                    "path": "::has DONE",
                    "id": "19ca296a6342945a257a3dbfec52eab5",
                    "passes": 96136,
                    "fails": 0
                }
            }
    },
    "metrics": {
        "vus": {
            "value": 1,
            "min": 1,
            "max": 199
        },
        "http_req_duration": {
            "avg": 51.55468083599221,
            "min": 0.881366,
            "med": 12.917341,
            "max": 1052.014783,
            "p(90)": 150.096613,
            "p(95)": 213.2101235
        },
        "http_reqs": {
            "count": 96136,
            "rate": 1373.35776538817
        },
        "http_req_blocked": {
            "avg": 0.005310458069817774,
            "min": 0.001518,
            "med": 0.002778,
            "max": 5.755332,
            "p(90)": 0.003947,
            "p(95)": 0.004453
        },
        "iterations": {
            "count": 96136,
            "rate": 1373.35776538817
        },
        "data_received": {
            "count": 784659257,
            "rate": 11209306.438635493
        },
        "http_req_sending": {
            "p(95)": 0.02175725,
            "avg": 0.018341576599816882,
            "min": 0.005236,
            "med": 0.010163,
            "max": 19.294325,
            "p(90)": 0.0161595
        },
        "http_req_tls_handshaking": {
            "p(95)": 0,
            "avg": 0,
            "min": 0,
            "med": 0,
            "max": 0,
            "p(90)": 0
        },
        "http_req_failed": {
            "passes": 0,
            "fails": 96136,
            "value": 0
        },
        "checks": {
            "passes": 192272,
            "fails": 0,
            "value": 1
        },
        "http_req_duration{expected_response:true}": {
            "avg": 51.55468083599221,
            "min": 0.881366,
            "med": 12.917341,
            "max": 1052.014783,
            "p(90)": 150.096613,
            "p(95)": 213.2101235
        },
        "data_sent": {
            "rate": 223857.3157582717,
            "count": 15670168
        },
        "http_req_connecting": {
            "avg": 0.0008226518577848048,
            "min": 0,
            "med": 0,
            "max": 5.613841,
            "p(90)": 0,
            "p(95)": 0
        },
        "vus_max": {
            "value": 200,
            "min": 200,
            "max": 200
        },
        "http_req_waiting": {
            "p(95)": 175.72192425,
            "avg": 37.147381535002715,
            "min": 0.162453,
            "med": 6.0534444999999995,
            "max": 936.0187,
            "p(90)": 119.83417299999999
        },
        "http_req_receiving": {
            "p(95)": 84.28694924999999,
            "avg": 14.388957724390334,
            "min": 0.016441,
            "med": 2.482311,
            "max": 829.099926,
            "p(90)": 41.211037000000005
        },
        "iteration_duration": {
            "max": 1052.092057,
            "p(90)": 150.2754365,
            "p(95)": 213.3472515,
            "avg": 51.708000353541394,
            "min": 0.975089,
            "med": 13.077327499999999
        }
    }
}