{
    "root_group": {
        "name": "",
        "path": "",
        "id": "d41d8cd98f00b204e9800998ecf8427e",
        "groups": {},
        "checks": {
                "status 200": {
                    "path": "::status 200",
                    "id": "fad9fa412b86fcb03bee97c80dcd61f1",
                    "passes": 100533,
                    "fails": 0,
                    "name": "status 200"
                },
                "has DONE": {
                    "name": "has DONE",
                    "path": "::has DONE",
                    "id": "19ca296a6342945a257a3dbfec52eab5",
                    "passes": 100533,
                    "fails": 0
                }
            }
    },
    "metrics": {
        "data_sent": {
            "count": 16386879,
            "rate": 273092.0882422439
        },
        "checks": {
            "passes": 201066,
            "fails": 0,
            "value": 1
        },
        "vus_max": {
            "value": 10,
            "min": 10,
            "max": 10
        },
        "http_req_duration": {
            "min": 0.845725,
            "med": 5.630681,
            "max": 22.434652,
            "p(90)": 8.5789582,
            "p(95)": 9.6276764,
            "avg": 5.837533386599427
        },
        "http_req_tls_handshaking": {
            "min": 0,
            "med": 0,
            "max": 0,
            "p(90)": 0,
            "p(95)": 0,
            "avg": 0
        },
        "data_received": {
            "count": 805172301,
            "rate": 13418429.773900362
        },
        "http_reqs": {
            "count": 100533,
            "rate": 1675.411584308245
        },
        "http_req_blocked": {
            "max": 4.939889,
            "p(90)": 0.0029688000000000028,
            "p(95)": 0.003443,
            "avg": 0.003052341191449594,
            "min": 0.000688,
            "med": 0.00185
        },
        "http_req_failed": {
            "passes": 0,
            "fails": 100533,
            "value": 0
        },
        "vus": {
            "value": 10,
            "min": 10,
            "max": 10
        },
        "http_req_duration{expected_response:true}": {
            "p(90)": 8.5789582,
            "p(95)": 9.6276764,
            "avg": 5.837533386599427,
            "min": 0.845725,
            "med": 5.630681,
            "max": 22.434652
        },
        "http_req_waiting": {
            "avg": 4.809525631882062,
            "min": 0.20342,
            "med": 4.631089,
            "max": 18.163218,
            "p(90)": 7.578266,
            "p(95)": 8.576481199999998
        },
        "http_req_connecting": {
            "avg": 0.0000282181572220067,
            "min": 0,
            "med": 0,
            "max": 0.687836,
            "p(90)": 0,
            "p(95)": 0
        },
        "http_req_sending": {
            "avg": 0.014780718589915889,
            "min": 0.002371,
            "med": 0.006891,
            "max": 5.389959,
            "p(90)": 0.014066800000000003,
            "p(95)": 0.025523
        },
        "iterations": {
            "count": 100533,
            "rate": 1675.411584308245
        },
        "iteration_duration": {
            "avg": 5.956305780549587,
            "min": 0.938874,
            "med": 5.747202,
            "max": 22.499373,
            "p(90)": 8.722223600000001,
            "p(95)": 9.785120000000001
        },
        "http_req_receiving": {
            "avg": 1.01322703612745,
            "min": 0.009576,
            "med": 0.100866,
            "max": 18.615831,
            "p(90)": 3.3874268,
            "p(95)": 4.4564704
        }
    }
}