{
    "metrics": {
        "iterations": {
            "rate": 1462.5216732733359,
            "count": 87755
        },
        "vus_max": {
            "value": 10,
            "min": 10,
            "max": 10
        },
        "http_req_failed": {
            "passes": 0,
            "fails": 87755,
            "value": 0
        },
        "http_reqs": {
            "count": 87755,
            "rate": 1462.5216732733359
        },
        "http_req_duration{expected_response:true}": {
            "avg": 6.6708768366360305,
            "min": 0.949743,
            "med": 6.206403,
            "max": 35.187265,
            "p(90)": 10.618031600000002,
            "p(95)": 12.346531200000001
        },
        "vus": {
            "value": 10,
            "min": 10,
            "max": 10
        },
        "http_req_waiting": {
            "avg": 4.126978479972674,
            "min": 0.201002,
            "med": 3.644745,
            "max": 21.942042,
            "p(90)": 7.5110024,
            "p(95)": 8.699327300000004
        },
        "checks": {
            "fails": 0,
            "passes": 175510,
            "value": 1
        },
        "http_req_sending": {
            "p(95)": 0.022941700000000058,
            "avg": 0.01846385738704374,
            "min": 0.004941,
            "med": 0.010242,
            "max": 6.571212,
            "p(90)": 0.016472
        },
        "data_received": {
            "count": 715398927,
            "rate": 11922812.783020785
        },
        "http_req_blocked": {
            "p(90)": 0.00386,
            "p(95)": 0.004353,
            "avg": 0.004881246914705731,
            "min": 0.001491,
            "med": 0.002785,
            "max": 7.102944
        },
        "http_req_tls_handshaking": {
            "max": 0,
            "p(90)": 0,
            "p(95)": 0,
            "avg": 0,
            "min": 0,
            "med": 0
        },
        "http_req_connecting": {
            "avg": 0.00005696854880063814,
            "min": 0,
            "med": 0,
            "max": 0.877896,
            "p(90)": 0,
            "p(95)": 0
        },
        "iteration_duration": {
            "max": 35.285287,
            "p(90)": 10.803541800000005,
            "p(95)": 12.533217900000002,
            "avg": 6.824260378166553,
            "min": 1.02935,
            "med": 6.357262
        },
        "http_req_duration": {
            "p(95)": 12.346531200000001,
            "avg": 6.6708768366360305,
            "min": 0.949743,
            "med": 6.206403,
            "max": 35.187265,
            "p(90)": 10.618031600000002
        },
        "data_sent": {
            "count": 14304065,
            "rate": 238391.03274355375
        },
        "http_req_receiving": {
            "avg": 2.5254344992764133,
            "min": 0.016371,
            "med": 2.004462,
            "max": 27.561481,
            "p(90)": 5.898545,
            "p(95)": 7.390196500000001
        }
    },
    "root_group": {
        "name": "",
        "path": "",
        "id": "d41d8cd98f00b204e9800998ecf8427e",
        "groups": {},
        "checks": {
                "status 200": {
                    "name": "status 200",
                    "path": "::status 200",
                    "id": "fad9fa412b86fcb03bee97c80dcd61f1",
                    "passes": 87755,
                    "fails": 0
                },
                "has DONE": {
                    "path": "::has DONE",
                    "id": "19ca296a6342945a257a3dbfec52eab5",
                    "passes": 87755,
                    "fails": 0,
                    "name": "has DONE"
                }
            }
    }
}