{
    "root_group": {
        "path": "",
        "id": "d41d8cd98f00b204e9800998ecf8427e",
        "groups": {},
        "checks": {
                "status 200": {
                    "id": "fad9fa412b86fcb03bee97c80dcd61f1",
                    "passes": 112677,
                    "fails": 0,
                    "name": "status 200",
                    "path": "::status 200"
                },
                "has DONE": {
                    "name": "has DONE",
                    "path": "::has DONE",
                    "id": "19ca296a6342945a257a3dbfec52eab5",
                    "passes": 112677,
                    "fails": 0
                }
            },
        "name": ""
    },
    "metrics": {
        "http_req_receiving": {
            "avg": 2.4064585595374006,
            "min": 0.014889,
            "med": 0.060497,
            "max": 209.921111,
            "p(90)": 4.7747708000000095,
            "p(95)": 14.794005399999998
        },
        "http_req_duration{expected_response:true}": {
            "min": 1.137257,
            "med": 35.579299,
            "max": 355.982268,
            "p(90)": 98.5197194,
            "p(95)": 115.3496296,
            "avg": 43.91471620202816
        },
        "http_req_blocked": {
            "med": 0.002439,
            "max": 6.026442,
            "p(90)": 0.003881,
            "p(95)": 0.004468,
            "avg": 0.004090165606113049,
            "min": 0.001407
        },
        "iteration_duration": {
            "avg": 44.043822406285734,
            "min": 1.239109,
            "med": 35.709032,
            "max": 356.068183,
            "p(90)": 98.6191258,
            "p(95)": 115.49337219999995
        },
        "checks": {
            "passes": 225354,
            "fails": 0,
            "value": 1
        },
        "http_req_connecting": {
            "avg": 0.00038274767698820525,
            "min": 0,
            "med": 0,
            "max": 3.354942,
            "p(90)": 0,
            "p(95)": 0
        },
        "http_req_waiting": {
            "min": 0.292178,
            "med": 33.043236,
            "max": 261.387572,
            "p(90)": 94.97043660000004,
            "p(95)": 111.9275122,
            "avg": 41.492399622771565
        },
        "http_req_failed": {
            "passes": 0,
            "fails": 112677,
            "value": 0
        },
        "data_sent": {
            "count": 18366351,
            "rate": 262371.60050439497
        },
        "http_req_sending": {
            "avg": 0.015858019720084975,
            "min": 0.004989,
            "med": 0.009042,
            "max": 11.798765,
            "p(90)": 0.017481,
            "p(95)": 0.022598399999999994
        },
        "vus": {
            "value": 1,
            "min": 1,
            "max": 199
        },
        "vus_max": {
            "value": 200,
            "min": 200,
            "max": 200
        },
        "http_req_tls_handshaking": {
            "max": 0,
            "p(90)": 0,
            "p(95)": 0,
            "avg": 0,
            "min": 0,
            "med": 0
        },
        "data_received": {
            "count": 902401512,
            "rate": 12891212.250110324
        },
        "iterations": {
            "count": 112677,
            "rate": 1609.6417208858588
        },
        "http_reqs": {
            "count": 112677,
            "rate": 1609.6417208858588
        },
        "http_req_duration": {
            "avg": 43.91471620202816,
            "min": 1.137257,
            "med": 35.579299,
            "max": 355.982268,
            "p(90)": 98.5197194,
            "p(95)": 115.3496296
        }
    }
}