{
    "root_group": {
        "checks": {
            "status 200": {
                "name": "status 200",
                "path": "::status 200",
                "id": "fad9fa412b86fcb03bee97c80dcd61f1",
                "passes": 9010,
                "fails": 0
            },
            "has DONE": {
                "fails": 0,
                "name": "has DONE",
                "path": "::has DONE",
                "id": "19ca296a6342945a257a3dbfec52eab5",
                "passes": 9010
            }
        },
        "name": "",
        "path": "",
        "id": "d41d8cd98f00b204e9800998ecf8427e",
        "groups": {}
    },
    "metrics": {
        "http_req_failed": {
            "passes": 0,
            "fails": 9010,
            "value": 0
        },
        "data_received": {
            "count": 73441240,
            "rate": 12227107.222592833
        },
        "http_reqs": {
            "rate": 1500.0595860794483,
            "count": 9010
        },
        "http_req_blocked": {
            "max": 2.625035,
            "p(90)": 0.0038391000000000002,
            "p(95)": 0.004386,
            "avg": 0.006979424084350685,
            "min": 0.001446,
            "med": 0.0027225
        },
        "http_req_waiting": {
            "p(95)": 8.493260749999997,
            "avg": 4.12080530033296,
            "min": 0.230796,
            "med": 3.7100765,
            "max": 18.846077,
            "p(90)": 7.4303587
        },
        "http_req_receiving": {
            "max": 23.923631,
            "p(90)": 5.610241300000002,
            "p(95)": 7.047176949999999,
            "avg": 2.3423125039955597,
            "min": 0.017005,
            "med": 1.7843900000000001
        },
        "http_req_tls_handshaking": {
            "p(90)": 0,
            "p(95)": 0,
            "avg": 0,
            "min": 0,
            "med": 0,
            "max": 0
        },
        "iteration_duration": {
            "med": 6.1875215,
            "max": 25.799295,
            "p(90)": 10.510944500000003,
            "p(95)": 12.11433205,
            "avg": 6.648557702885673,
            "min": 1.250057
        },
        "vus": {
            "value": 10,
            "min": 10,
            "max": 10
        },
        "http_req_duration": {
            "avg": 6.484362322419526,
            "min": 1.154575,
            "med": 6.0249805,
            "max": 25.581626,
            "p(90)": 10.306900800000001,
            "p(95)": 11.935773549999999
        },
        "http_req_connecting": {
            "med": 0,
            "max": 0.602579,
            "p(90)": 0,
            "p(95)": 0,
            "avg": 0.00042563529411764707,
            "min": 0
        },
        "http_req_duration{expected_response:true}": {
            "p(95)": 11.935773549999999,
            "avg": 6.484362322419526,
            "min": 1.154575,
            "med": 6.0249805,
            "max": 25.581626,
            "p(90)": 10.306900800000001
        },
        "http_req_sending": {
            "med": 0.010129,
            "max": 4.506508,
            "p(90)": 0.0170464,
            "p(95)": 0.02729829999999998,
            "avg": 0.02124451809100999,
            "min": 0.004228
        },
        "data_sent": {
            "count": 1468630,
            "rate": 244509.71253095006
        },
        "checks": {
            "passes": 18020,
            "fails": 0,
            "value": 1
        },
        "vus_max": {
            "value": 10,
            "min": 10,
            "max": 10
        },
        "iterations": {
            "count": 9010,
            "rate": 1500.0595860794483
        }
    }
}