{
    "metrics": {
        "iteration_duration": {
            "avg": 6.576854036866375,
            "min": 1.636702,
            "med": 6.217595,
            "max": 24.752404,
            "p(90)": 9.5111614,
            "p(95)": 10.765614700000004
        },
        "http_req_duration{expected_response:true}": {
            "max": 24.596504,
            "p(90)": 9.372265800000005,
            "p(95)": 10.6226956,
            "avg": 6.4422369133201824,
            "min": 1.5457,
            "med": 6.0825995
        },
        "http_reqs": {
            "count": 9114,
            "rate": 1517.2819184636437
        },
        "http_req_connecting": {
            "avg": 0.0003852783629580864,
            "min": 0,
            "med": 0,
            "max": 0.556634,
            "p(90)": 0,
            "p(95)": 0
        },
        "http_req_sending": {
            "max": 3.181764,
            "p(90)": 0.018083800000000004,
            "p(95)": 0.024012950000000005,
            "avg": 0.018710398068904975,
            "min": 0.004949,
            "med": 0.0097975
        },
        "http_req_duration": {
            "avg": 6.4422369133201824,
            "min": 1.5457,
            "med": 6.0825995,
            "max": 24.596504,
            "p(90)": 9.372265800000005,
            "p(95)": 10.6226956
        },
        "data_received": {
            "count": 72997336,
            "rate": 12152461.927673383
        },
        "http_req_tls_handshaking": {
            "avg": 0,
            "min": 0,
            "med": 0,
            "max": 0,
            "p(90)": 0,
            "p(95)": 0
        },
        "http_req_receiving": {
            "p(95)": 4.410352000000001,
            "avg": 0.9397478573623033,
            "min": 0.017058,
            "med": 0.08452,
            "max": 12.753807,
            "p(90)": 3.308314000000001
        },
        "vus": {
            "max": 10,
            "value": 10,
            "min": 10
        },
        "data_sent": {
            "count": 1485582,
            "rate": 247316.95270957393
        },
        "vus_max": {
            "value": 10,
            "min": 10,
            "max": 10
        },
        "http_req_failed": {
            "passes": 0,
            "fails": 9114,
            "value": 0
        },
        "iterations": {
            "count": 9114,
            "rate": 1517.2819184636437
        },
        "checks": {
            "passes": 18228,
            "fails": 0,
            "value": 1
        },
        "http_req_blocked": {
            "avg": 0.00544072053982882,
            "min": 0.001313,
            "med": 0.002606,
            "max": 1.936523,
            "p(90)": 0.004021,
            "p(95)": 0.004626
        },
        "http_req_waiting": {
            "avg": 5.483778657888983,
            "min": 0.404046,
            "med": 5.2111435,
            "max": 22.120332,
            "p(90)": 8.4363313,
            "p(95)": 9.6954081
        }
    },
    "root_group": {
        "path": "",
        "id": "d41d8cd98f00b204e9800998ecf8427e",
        "groups": {},
        "checks": {
                "status 200": {
                    "fails": 0,
                    "name": "status 200",
                    "path": "::status 200",
                    "id": "fad9fa412b86fcb03bee97c80dcd61f1",
                    "passes": 9114
                },
                "has DONE": {
                    "name": "has DONE",
                    "path": "::has DONE",
                    "id": "19ca296a6342945a257a3dbfec52eab5",
                    "passes": 9114,
                    "fails": 0
                }
            },
        "name": ""
    }
}