{
    "metrics": {
        "data_sent": {
            "count": 16966670,
            "rate": 282753.7321215168
        },
        "http_reqs": {
            "count": 104090,
            "rate": 1734.6854731381395
        },
        "http_req_duration": {
            "avg": 5.636343743644935,
            "min": 0.914297,
            "med": 5.28395,
            "max": 26.056719,
            "p(90)": 8.991974100000002,
            "p(95)": 10.300545049999986
        },
        "http_req_blocked": {
            "avg": 0.0031063468248630904,
            "min": 0.000723,
            "med": 0.00218,
            "max": 4.078035,
            "p(90)": 0.003016,
            "p(95)": 0.003464
        },
        "http_req_failed": {
            "passes": 0,
            "fails": 104090,
            "value": 0
        },
        "iterations": {
            "count": 104090,
            "rate": 1734.6854731381395
        },
        "vus": {
            "max": 10,
            "value": 10,
            "min": 10
        },
        "vus_max": {
            "value": 10,
            "min": 10,
            "max": 10
        },
        "checks": {
            "passes": 208180,
            "fails": 0,
            "value": 1
        },
        "http_req_receiving": {
            "p(95)": 6.804172099999998,
            "avg": 2.528503998779876,
            "min": 0.01841,
            "med": 1.9639285000000002,
            "max": 20.520295,
            "p(90)": 5.5011977000000005
        },
        "iteration_duration": {
            "avg": 5.7541439855509795,
            "min": 1.000162,
            "med": 5.405286,
            "max": 26.105778,
            "p(90)": 9.124477500000001,
            "p(95)": 10.44707905
        },
        "http_req_waiting": {
            "p(90)": 6.207119100000001,
            "p(95)": 7.234454049999999,
            "avg": 3.0919222514074574,
            "min": 0.100368,
            "med": 2.5957555,
            "max": 20.694845
        },
        "http_req_tls_handshaking": {
            "p(90)": 0,
            "p(95)": 0,
            "avg": 0,
            "min": 0,
            "med": 0,
            "max": 0
        },
        "http_req_sending": {
            "med": 0.008503,
            "max": 5.271806,
            "p(90)": 0.013632100000000006,
            "p(95)": 0.02593654999999999,
            "avg": 0.015917493457584534,
            "min": 0.002512
        },
        "http_req_duration{expected_response:true}": {
            "avg": 5.636343743644935,
            "min": 0.914297,
            "med": 5.28395,
            "max": 26.056719,
            "p(90)": 8.991974100000002,
            "p(95)": 10.300545049999986
        },
        "http_req_connecting": {
            "med": 0,
            "max": 0.348916,
            "p(90)": 0,
            "p(95)": 0,
            "avg": 0.000012641598616581805,
            "min": 0
        },
        "data_received": {
            "count": 910891635,
            "rate": 15180233.325367937
        }
    },
    "root_group": {
        "name": "",
        "path": "",
        "id": "d41d8cd98f00b204e9800998ecf8427e",
        "groups": {},
        "checks": {
                "status 200": {
                    "path": "::status 200",
                    "id": "fad9fa412b86fcb03bee97c80dcd61f1",
                    "passes": 104090,
                    "fails": 0,
                    "name": "status 200"
                },
                "has DONE": {
                    "name": "has DONE",
                    "path": "::has DONE",
                    "id": "19ca296a6342945a257a3dbfec52eab5",
                    "passes": 104090,
                    "fails": 0
                }
            }
    }
}