{
    "metrics": {
        "http_req_sending": {
            "p(95)": 0.025615099999999988,
            "avg": 0.018156049466061128,
            "min": 0.005089,
            "med": 0.01035,
            "max": 3.09908,
            "p(90)": 0.0192702
        },
        "data_received": {
            "count": 65253912,
            "rate": 10869727.391678423
        },
        "iterations": {
            "count": 8147,
            "rate": 1357.0936415276392
        },
        "http_req_waiting": {
            "med": 5.71154,
            "max": 26.466778,
            "p(90)": 9.5678958,
            "p(95)": 11.279693199999999,
            "avg": 6.107302688719788,
            "min": 0.367856
        },
        "vus": {
            "value": 10,
            "min": 10,
            "max": 10
        },
        "data_sent": {
            "count": 1327961,
            "rate": 221206.26356900518
        },
        "http_req_failed": {
            "passes": 0,
            "fails": 8147,
            "value": 0
        },
        "checks": {
            "passes": 16294,
            "fails": 0,
            "value": 1
        },
        "http_req_duration{expected_response:true}": {
            "p(95)": 12.6228532,
            "avg": 7.207440994353758,
            "min": 1.737718,
            "med": 6.742033,
            "max": 26.926759,
            "p(90)": 10.846049600000008
        },
        "http_req_connecting": {
            "med": 0,
            "max": 0.540168,
            "p(90)": 0,
            "p(95)": 0,
            "avg": 0.00038161458205474404,
            "min": 0
        },
        "http_req_tls_handshaking": {
            "med": 0,
            "max": 0,
            "p(90)": 0,
            "p(95)": 0,
            "avg": 0,
            "min": 0
        },
        "iteration_duration": {
            "med": 6.879083,
            "max": 27.018578,
            "p(90)": 11.064712800000006,
            "p(95)": 12.791442199999999,
            "avg": 7.353311574567322,
            "min": 1.889196
        },
        "vus_max": {
            "value": 10,
            "min": 10,
            "max": 10
        },
        "http_req_receiving": {
            "med": 0.117345,
            "max": 14.131233,
            "p(90)": 3.7087666000000032,
            "p(95)": 5.053742199999999,
            "avg": 1.0819822561679135,
            "min": 0.016931
        },
        "http_reqs": {
            "count": 8147,
            "rate": 1357.0936415276392
        },
        "http_req_duration": {
            "med": 6.742033,
            "max": 26.926759,
            "p(90)": 10.846049600000008,
            "p(95)": 12.6228532,
            "avg": 7.207440994353758,
            "min": 1.737718
        },
        "http_req_blocked": {
            "avg": 0.006175677304529281,
            "min": 0.001276,
            "med": 0.002697,
            "max": 2.608482,
            "p(90)": 0.0041714000000000005,
            "p(95)": 0.004860099999999999
        }
    },
    "root_group": {
        "checks": {
            "status 200": {
                "fails": 0,
                "name": "status 200",
                "path": "::status 200",
                "id": "fad9fa412b86fcb03bee97c80dcd61f1",
                "passes": 8147
            },
            "has DONE": {
                "id": "19ca296a6342945a257a3dbfec52eab5",
                "passes": 8147,
                "fails": 0,
                "name": "has DONE",
                "path": "::has DONE"
            }
        },
        "name": "",
        "path": "",
        "id": "d41d8cd98f00b204e9800998ecf8427e",
        "groups": {}
    }
}