{
    "metrics": {
        "iterations": {
            "count": 72148,
            "rate": 1202.3127043329664
        },
        "http_req_sending": {
            "med": 0.00946,
            "max": 7.405927,
            "p(90)": 0.014759300000000003,
            "p(95)": 0.01978329999999999,
            "avg": 0.018275186145146286,
            "min": 0.005139
        },
        "data_received": {
            "rate": 10521470.05490723,
            "count": 631369043
        },
        "vus_max": {
            "value": 10,
            "min": 10,
            "max": 10
        },
        "http_req_duration{expected_response:true}": {
            "max": 42.094296,
            "p(90)": 12.7428219,
            "p(95)": 14.60700859999999,
            "avg": 8.166447497089385,
            "min": 1.322133,
            "med": 7.6341045
        },
        "http_req_blocked": {
            "avg": 0.004538508108332864,
            "min": 0.001196,
            "med": 0.002625,
            "max": 6.149502,
            "p(90)": 0.003649,
            "p(95)": 0.004070649999999994
        },
        "http_req_receiving": {
            "p(95)": 9.738213499999995,
            "avg": 4.0060713840993225,
            "min": 0.028456,
            "med": 3.4554495000000003,
            "max": 34.709472,
            "p(90)": 7.890984600000001
        },
        "checks": {
            "passes": 144296,
            "fails": 0,
            "value": 1
        },
        "http_req_connecting": {
            "avg": 0.000058411515218717076,
            "min": 0,
            "med": 0,
            "max": 1.586813,
            "p(90)": 0,
            "p(95)": 0
        },
        "http_reqs": {
            "count": 72148,
            "rate": 1202.3127043329664
        },
        "http_req_tls_handshaking": {
            "max": 0,
            "p(90)": 0,
            "p(95)": 0,
            "avg": 0,
            "min": 0,
            "med": 0
        },
        "http_req_waiting": {
            "avg": 4.142100926844819,
            "min": 0.192488,
            "med": 3.5754245,
            "max": 23.373701,
            "p(90)": 7.8047846000000005,
            "p(95)": 9.321565949999997
        },
        "http_req_failed": {
            "passes": 0,
            "fails": 72148,
            "value": 0
        },
        "vus": {
            "value": 10,
            "min": 10,
            "max": 10
        },
        "http_req_duration": {
            "avg": 8.166447497089385,
            "min": 1.322133,
            "med": 7.6341045,
            "max": 42.094296,
            "p(90)": 12.7428219,
            "p(95)": 14.60700859999999
        },
        "iteration_duration": {
            "min": 1.386038,
            "med": 7.77137,
            "max": 42.186513,
            "p(90)": 12.903045200000001,
            "p(95)": 14.76166915,
            "avg": 8.305622814284428
        },
        "data_sent": {
            "count": 11760124,
            "rate": 195976.97080627352
        }
    },
    "root_group": {
        "path": "",
        "id": "d41d8cd98f00b204e9800998ecf8427e",
        "groups": {},
        "checks": {
                "status 200": {
                    "name": "status 200",
                    "path": "::status 200",
                    "id": "fad9fa412b86fcb03bee97c80dcd61f1",
                    "passes": 72148,
                    "fails": 0
                },
                "has DONE": {
                    "fails": 0,
                    "name": "has DONE",
                    "path": "::has DONE",
                    "id": "19ca296a6342945a257a3dbfec52eab5",
                    "passes": 72148
                }
            },
        "name": ""
    }
}