{
    "root_group": {
        "name": "",
        "path": "",
        "id": "d41d8cd98f00b204e9800998ecf8427e",
        "groups": {},
        "checks": {
                "status 200": {
                    "path": "::status 200",
                    "id": "fad9fa412b86fcb03bee97c80dcd61f1",
                    "passes": 5646,
                    "fails": 0,
                    "name": "status 200"
                },
                "has DONE": {
                    "name": "has DONE",
                    "path": "::has DONE",
                    "id": "19ca296a6342945a257a3dbfec52eab5",
                    "passes": 5646,
                    "fails": 0
                }
            }
    },
    "metrics": {
        "http_req_duration": {
            "p(95)": 20.5164445,
            "avg": 10.434213778427228,
            "min": 1.501657,
            "med": 9.378809,
            "max": 47.875227,
            "p(90)": 17.198241
        },
        "http_req_receiving": {
            "min": 0.035475,
            "med": 4.4884745,
            "max": 36.952596,
            "p(90)": 10.503563499999998,
            "p(95)": 13.08082625,
            "avg": 5.353524796315982
        },
        "data_received": {
            "count": 49408196,
            "rate": 8217559.696525228
        },
        "http_req_connecting": {
            "avg": 0.0022307118313850513,
            "min": 0,
            "med": 0,
            "max": 2.054618,
            "p(90)": 0,
            "p(95)": 0
        },
        "http_req_sending": {
            "p(95)": 0.02586025,
            "avg": 0.02428390400283377,
            "min": 0.005853,
            "med": 0.010397,
            "max": 6.98328,
            "p(90)": 0.017617
        },
        "iterations": {
            "count": 5646,
            "rate": 939.0414101859019
        },
        "iteration_duration": {
            "max": 47.951451,
            "p(90)": 17.465693,
            "p(95)": 20.812136250000002,
            "avg": 10.624424069606818,
            "min": 1.567471,
            "med": 9.531533
        },
        "vus_max": {
            "value": 10,
            "min": 10,
            "max": 10
        },
        "data_sent": {
            "count": 920298,
            "rate": 153063.74986030202
        },
        "http_reqs": {
            "rate": 939.0414101859019,
            "count": 5646
        },
        "http_req_tls_handshaking": {
            "p(95)": 0,
            "avg": 0,
            "min": 0,
            "med": 0,
            "max": 0,
            "p(90)": 0
        },
        "http_req_failed": {
            "passes": 0,
            "fails": 5646,
            "value": 0
        },
        "http_req_blocked": {
            "med": 0.0027565000000000003,
            "max": 5.290059,
            "p(90)": 0.0041955,
            "p(95)": 0.00486775,
            "avg": 0.010236664187035081,
            "min": 0.001495
        },
        "http_req_waiting": {
            "p(90)": 9.884796999999999,
            "p(95)": 12.081758,
            "avg": 5.0564050781083925,
            "min": 0.193868,
            "med": 4.172282,
            "max": 32.995452
        },
        "http_req_duration{expected_response:true}": {
            "med": 9.378809,
            "max": 47.875227,
            "p(90)": 17.198241,
            "p(95)": 20.5164445,
            "avg": 10.434213778427228,
            "min": 1.501657
        },
        "checks": {
            "passes": 11292,
            "fails": 0,
            "value": 1
        },
        "vus": {
            "value": 10,
            "min": 10,
            "max": 10
        }
    }
}