{
    "root_group": {
        "name": "",
        "path": "",
        "id": "d41d8cd98f00b204e9800998ecf8427e",
        "groups": {},
        "checks": {
                "status 200": {
                    "name": "status 200",
                    "path": "::status 200",
                    "id": "fad9fa412b86fcb03bee97c80dcd61f1",
                    "passes": 95625,
                    "fails": 0
                },
                "has DONE": {
                    "name": "has DONE",
                    "path": "::has DONE",
                    "id": "19ca296a6342945a257a3dbfec52eab5",
                    "passes": 95625,
                    "fails": 0
                }
            }
    },
    "metrics": {
        "http_reqs": {
            "count": 95625,
            "rate": 1593.6294577350145
        },
        "http_req_duration{expected_response:true}": {
            "p(95)": 9.8487596,
            "avg": 6.138887284904587,
            "min": 1.494624,
            "med": 5.863498,
            "max": 26.132695,
            "p(90)": 8.7927772
        },
        "http_req_failed": {
            "passes": 0,
            "fails": 95625,
            "value": 0
        },
        "checks": {
            "fails": 0,
            "passes": 191250,
            "value": 1
        },
        "iterations": {
            "count": 95625,
            "rate": 1593.6294577350145
        },
        "http_req_sending": {
            "avg": 0.014729156141176555,
            "min": 0.004722,
            "med": 0.009841,
            "max": 6.067968,
            "p(90)": 0.017337,
            "p(95)": 0.021509800000000003
        },
        "http_req_duration": {
            "avg": 6.138887284904587,
            "min": 1.494624,
            "med": 5.863498,
            "max": 26.132695,
            "p(90)": 8.7927772,
            "p(95)": 9.8487596
        },
        "http_req_receiving": {
            "avg": 0.8806480048627564,
            "min": 0.017545,
            "med": 0.103277,
            "max": 13.961828,
            "p(90)": 3.1845834000000006,
            "p(95)": 4.2805578
        },
        "iteration_duration": {
            "avg": 6.264022204873163,
            "min": 1.598843,
            "med": 5.985226,
            "max": 26.217124,
            "p(90)": 8.934974400000002,
            "p(95)": 9.994834200000001
        },
        "http_req_tls_handshaking": {
            "avg": 0,
            "min": 0,
            "med": 0,
            "max": 0,
            "p(90)": 0,
            "p(95)": 0
        },
        "vus": {
            "max": 10,
            "value": 10,
            "min": 10
        },
        "http_req_waiting": {
            "p(90)": 7.8719338,
            "p(95)": 8.908265600000005,
            "avg": 5.243510123900627,
            "min": 0.392866,
            "med": 5.093769,
            "max": 18.531714
        },
        "vus_max": {
            "max": 10,
            "value": 10,
            "min": 10
        },
        "http_req_blocked": {
            "p(95)": 0.004535,
            "avg": 0.0038368417359477152,
            "min": 0.001371,
            "med": 0.002592,
            "max": 3.837954,
            "p(90)": 0.003951600000000006
        },
        "data_sent": {
            "count": 15586875,
            "rate": 259761.60161080735
        },
        "data_received": {
            "count": 765890875,
            "rate": 12763882.455534074
        },
        "http_req_connecting": {
            "p(95)": 0,
            "avg": 0.00006131432156862746,
            "min": 0,
            "med": 0,
            "max": 0.952575,
            "p(90)": 0
        }
    }
}