{
    "root_group": {
        "name": "",
        "path": "",
        "id": "d41d8cd98f00b204e9800998ecf8427e",
        "groups": {},
        "checks": {
                "status 200": {
                    "path": "::status 200",
                    "id": "fad9fa412b86fcb03bee97c80dcd61f1",
                    "passes": 122013,
                    "fails": 0,
                    "name": "status 200"
                },
                "has DONE": {
                    "passes": 122013,
                    "fails": 0,
                    "name": "has DONE",
                    "path": "::has DONE",
                    "id": "19ca296a6342945a257a3dbfec52eab5"
                }
            }
    },
    "metrics": {
        "http_req_blocked": {
            "p(90)": 0.003036,
            "p(95)": 0.003525,
            "avg": 0.003296816675272288,
            "min": 0.000679,
            "med": 0.00203,
            "max": 7.032937
        },
        "http_reqs": {
            "count": 122013,
            "rate": 2033.4920437821754
        },
        "data_received": {
            "count": 989921069,
            "rate": 16498214.270478113
        },
        "http_req_tls_handshaking": {
            "min": 0,
            "med": 0,
            "max": 0,
            "p(90)": 0,
            "p(95)": 0,
            "avg": 0
        },
        "checks": {
            "passes": 244026,
            "fails": 0,
            "value": 1
        },
        "http_req_duration{expected_response:true}": {
            "avg": 4.788986363559653,
            "min": 0.560782,
            "med": 4.500817,
            "max": 25.054961,
            "p(90)": 7.6564558,
            "p(95)": 8.923376399999999
        },
        "data_sent": {
            "count": 19888119,
            "rate": 331459.2031364946
        },
        "iterations": {
            "count": 122013,
            "rate": 2033.4920437821754
        },
        "vus_max": {
            "value": 10,
            "min": 10,
            "max": 10
        },
        "http_req_waiting": {
            "avg": 3.142663142337248,
            "min": 0.138523,
            "med": 2.747061,
            "max": 23.909222,
            "p(90)": 5.9003266000000005,
            "p(95)": 6.760740599999999
        },
        "http_req_receiving": {
            "max": 19.68349,
            "p(90)": 4.265960000000001,
            "p(95)": 5.4239288,
            "avg": 1.6309834382401867,
            "min": 0.009461,
            "med": 0.982052
        },
        "vus": {
            "value": 10,
            "min": 10,
            "max": 10
        },
        "http_req_duration": {
            "med": 4.500817,
            "max": 25.054961,
            "p(90)": 7.6564558,
            "p(95)": 8.923376399999999,
            "avg": 4.788986363559653,
            "min": 0.560782
        },
        "http_req_failed": {
            "passes": 0,
            "fails": 122013,
            "value": 0
        },
        "http_req_connecting": {
            "avg": 0.000040449493086802216,
            "min": 0,
            "med": 0,
            "max": 3.310729,
            "p(90)": 0,
            "p(95)": 0
        },
        "http_req_sending": {
            "p(95)": 0.028541599999999948,
            "avg": 0.015339782982141335,
            "min": 0.002386,
            "med": 0.008209,
            "max": 5.244507,
            "p(90)": 0.015181800000000002
        },
        "iteration_duration": {
            "avg": 4.9065405038560845,
            "min": 0.613816,
            "med": 4.615101,
            "max": 25.612035,
            "p(90)": 7.790493000000001,
            "p(95)": 9.063371399999994
        }
    }
}