{
    "root_group": {
        "name": "",
        "path": "",
        "id": "d41d8cd98f00b204e9800998ecf8427e",
        "groups": {},
        "checks": {
                "status 200": {
                    "passes": 100804,
                    "fails": 0,
                    "name": "status 200",
                    "path": "::status 200",
                    "id": "fad9fa412b86fcb03bee97c80dcd61f1"
                },
                "has DONE": {
                    "fails": 0,
                    "name": "has DONE",
                    "path": "::has DONE",
                    "id": "19ca296a6342945a257a3dbfec52eab5",
                    "passes": 100804
                }
            }
    },
    "metrics": {
        "data_sent": {
            "count": 16431052,
            "rate": 273831.5050815021
        },
        "iterations": {
            "count": 100804,
            "rate": 1679.9478839355954
        },
        "http_req_duration{expected_response:true}": {
            "min": 0.865484,
            "med": 5.6093495,
            "max": 22.313725,
            "p(90)": 8.5934,
            "p(95)": 9.630240749999993,
            "avg": 5.823138493442744
        },
        "iteration_duration": {
            "avg": 5.939738253115036,
            "min": 0.965335,
            "med": 5.721749,
            "max": 22.40295,
            "p(90)": 8.7393904,
            "p(95)": 9.778672899999997
        },
        "http_req_waiting": {
            "max": 22.282642,
            "p(90)": 7.555788,
            "p(95)": 8.545862049999997,
            "avg": 4.796077776397742,
            "min": 0.217202,
            "med": 4.6234735
        },
        "http_reqs": {
            "rate": 1679.9478839355954,
            "count": 100804
        },
        "http_req_sending": {
            "p(90)": 0.014244699999999997,
            "p(95)": 0.025900849999999993,
            "avg": 0.01453219527994937,
            "min": 0.00238,
            "med": 0.006861,
            "max": 6.211758
        },
        "http_req_blocked": {
            "avg": 0.0031973217431847892,
            "min": 0.000665,
            "med": 0.001817,
            "max": 4.614631,
            "p(90)": 0.002958,
            "p(95)": 0.003433
        },
        "vus": {
            "value": 10,
            "min": 10,
            "max": 10
        },
        "http_req_failed": {
            "passes": 0,
            "fails": 100804,
            "value": 0
        },
        "vus_max": {
            "value": 10,
            "min": 10,
            "max": 10
        },
        "checks": {
            "passes": 201608,
            "fails": 0,
            "value": 1
        },
        "http_req_connecting": {
            "avg": 0.00004259873616126344,
            "min": 0,
            "med": 0,
            "max": 0.910703,
            "p(90)": 0,
            "p(95)": 0
        },
        "http_req_tls_handshaking": {
            "avg": 0,
            "min": 0,
            "med": 0,
            "max": 0,
            "p(90)": 0,
            "p(95)": 0
        },
        "http_req_receiving": {
            "max": 18.50228,
            "p(90)": 3.4691165999999996,
            "p(95)": 4.512245999999998,
            "avg": 1.0125285217650009,
            "min": 0.009838,
            "med": 0.0712245
        },
        "data_received": {
            "count": 807367670,
            "rate": 13455176.468934886
        },
        "http_req_duration": {
            "avg": 5.823138493442744,
            "min": 0.865484,
            "med": 5.6093495,
            "max": 22.313725,
            "p(90)": 8.5934,
            "p(95)": 9.630240749999993
        }
    }
}