{
    "root_group": {
        "id": "d41d8cd98f00b204e9800998ecf8427e",
        "groups": {},
        "checks": {
                "status 200": {
                    "fails": 0,
                    "name": "status 200",
                    "path": "::status 200",
                    "id": "fad9fa412b86fcb03bee97c80dcd61f1",
                    "passes": 98742
                },
                "has DONE": {
                    "passes": 98742,
                    "fails": 0,
                    "name": "has DONE",
                    "path": "::has DONE",
                    "id": "19ca296a6342945a257a3dbfec52eab5"
                }
            },
        "name": "",
        "path": ""
    },
    "metrics": {
        "http_req_sending": {
            "avg": 0.018164813270948488,
            "min": 0.004981,
            "med": 0.010303,
            "max": 10.122968,
            "p(90)": 0.016457,
            "p(95)": 0.021561849999999994
        },
        "data_sent": {
            "count": 16094946,
            "rate": 229924.89254717948
        },
        "vus_max": {
            "value": 200,
            "min": 200,
            "max": 200
        },
        "http_req_waiting": {
            "med": 6.1991665000000005,
            "max": 956.629917,
            "p(90)": 116.86905570000002,
            "p(95)": 170.63229709999987,
            "avg": 36.39393494438049,
            "min": 0.158537
        },
        "iteration_duration": {
            "med": 13.4432875,
            "max": 973.267993,
            "p(90)": 146.87577450000015,
            "p(95)": 207.69325254999995,
            "avg": 50.3400979867332,
            "min": 0.988238
        },
        "data_received": {
            "count": 798280408,
            "rate": 11403861.624134595
        },
        "http_reqs": {
            "count": 98742,
            "rate": 1410.5821628661317
        },
        "http_req_duration": {
            "avg": 50.19097123810539,
            "min": 0.903487,
            "med": 13.288815,
            "max": 973.188801,
            "p(90)": 146.68965060000002,
            "p(95)": 207.49629954999997
        },
        "http_req_duration{expected_response:true}": {
            "avg": 50.19097123810539,
            "min": 0.903487,
            "med": 13.288815,
            "max": 973.188801,
            "p(90)": 146.68965060000002,
            "p(95)": 207.49629954999997
        },
        "http_req_connecting": {
            "avg": 0.0007931845415324785,
            "min": 0,
            "med": 0,
            "max": 4.795154,
            "p(90)": 0,
            "p(95)": 0
        },
        "http_req_receiving": {
            "avg": 13.778871480454173,
            "min": 0.015778,
            "med": 2.4817115,
            "max": 647.420649,
            "p(90)": 40.77725910000004,
            "p(95)": 81.21745234999997
        },
        "http_req_failed": {
            "passes": 0,
            "fails": 98742,
            "value": 0
        },
        "checks": {
            "fails": 0,
            "passes": 197484,
            "value": 1
        },
        "vus": {
            "value": 1,
            "min": 1,
            "max": 199
        },
        "http_req_blocked": {
            "avg": 0.005567424095116572,
            "min": 0.001393,
            "med": 0.002829,
            "max": 15.33114,
            "p(90)": 0.004011,
            "p(95)": 0.00452
        },
        "http_req_tls_handshaking": {
            "avg": 0,
            "min": 0,
            "med": 0,
            "max": 0,
            "p(90)": 0,
            "p(95)": 0
        },
        "iterations": {
            "count": 98742,
            "rate": 1410.5821628661317
        }
    }
}