{
    "root_group": {
        "groups": {},
        "checks": {
                "status 200": {
                    "name": "status 200",
                    "path": "::status 200",
                    "id": "fad9fa412b86fcb03bee97c80dcd61f1",
                    "passes": 50164,
                    "fails": 0
                },
                "has DONE": {
                    "fails": 0,
                    "name": "has DONE",
                    "path": "::has DONE",
                    "id": "19ca296a6342945a257a3dbfec52eab5",
                    "passes": 50164
                }
            },
        "name": "",
        "path": "",
        "id": "d41d8cd98f00b204e9800998ecf8427e"
    },
    "metrics": {
        "http_req_duration{expected_response:true}": {
            "avg": 11.757775552308521,
            "min": 2.54643,
            "med": 11.137615,
            "max": 41.894659,
            "p(90)": 17.7759015,
            "p(95)": 20.160395349999998
        },
        "http_req_connecting": {
            "med": 0,
            "max": 0.264126,
            "p(90)": 0,
            "p(95)": 0,
            "avg": 0.00002548461047763336,
            "min": 0
        },
        "http_req_duration": {
            "p(95)": 20.160395349999998,
            "avg": 11.757775552308521,
            "min": 2.54643,
            "med": 11.137615,
            "max": 41.894659,
            "p(90)": 17.7759015
        },
        "http_req_sending": {
            "p(95)": 0.022877699999999997,
            "avg": 0.023533541164979042,
            "min": 0.005526,
            "med": 0.010852500000000001,
            "max": 10.776679,
            "p(90)": 0.016705
        },
        "http_req_receiving": {
            "max": 34.009284,
            "p(90)": 9.986708000000004,
            "p(95)": 12.303378899999998,
            "avg": 5.10401036783347,
            "min": 0.02787,
            "med": 4.4085345
        },
        "http_reqs": {
            "count": 50164,
            "rate": 835.9399550136767
        },
        "vus": {
            "value": 10,
            "min": 10,
            "max": 10
        },
        "http_req_tls_handshaking": {
            "max": 0,
            "p(90)": 0,
            "p(95)": 0,
            "avg": 0,
            "min": 0,
            "med": 0
        },
        "vus_max": {
            "min": 10,
            "max": 10,
            "value": 10
        },
        "iterations": {
            "rate": 835.9399550136767,
            "count": 50164
        },
        "data_sent": {
            "rate": 136258.2126672293,
            "count": 8176732
        },
        "data_received": {
            "count": 437129096,
            "rate": 7284380.767989178
        },
        "checks": {
            "fails": 0,
            "passes": 100328,
            "value": 1
        },
        "iteration_duration": {
            "med": 11.3178505,
            "max": 41.979459,
            "p(90)": 18.012909600000004,
            "p(95)": 20.39888165,
            "avg": 11.945799458894827,
            "min": 2.644776
        },
        "http_req_blocked": {
            "avg": 0.005493624950163506,
            "min": 0.001381,
            "med": 0.002837,
            "max": 6.054243,
            "p(90)": 0.0038077000000000046,
            "p(95)": 0.004292
        },
        "http_req_waiting": {
            "p(95)": 13.12496255,
            "avg": 6.630231643309953,
            "min": 0.517208,
            "med": 6.1228359999999995,
            "max": 27.557428,
            "p(90)": 11.394416400000004
        },
        "http_req_failed": {
            "passes": 0,
            "fails": 50164,
            "value": 0
        }
    }
}