{
    "root_group": {
        "name": "",
        "path": "",
        "id": "d41d8cd98f00b204e9800998ecf8427e",
        "groups": {},
        "checks": {
                "status 200": {
                    "name": "status 200",
                    "path": "::status 200",
                    "id": "fad9fa412b86fcb03bee97c80dcd61f1",
                    "passes": 9054,
                    "fails": 0
                },
                "has DONE": {
                    "id": "19ca296a6342945a257a3dbfec52eab5",
                    "passes": 9054,
                    "fails": 0,
                    "name": "has DONE",
                    "path": "::has DONE"
                }
            }
    },
    "metrics": {
        "http_req_connecting": {
            "avg": 0.0007633923127899271,
            "min": 0,
            "med": 0,
            "max": 1.187036,
            "p(90)": 0,
            "p(95)": 0
        },
        "data_received": {
            "count": 73146236,
            "rate": 12179466.002815079
        },
        "http_req_blocked": {
            "avg": 0.007194851778219587,
            "min": 0.001498,
            "med": 0.002682,
            "max": 5.179738,
            "p(90)": 0.003858,
            "p(95)": 0.00442135
        },
        "http_req_waiting": {
            "p(95)": 8.63409315,
            "avg": 4.060965362049913,
            "min": 0.247269,
            "med": 3.562561,
            "max": 36.355162,
            "p(90)": 7.3917711
        },
        "vus_max": {
            "value": 10,
            "min": 10,
            "max": 10
        },
        "http_req_tls_handshaking": {
            "avg": 0,
            "min": 0,
            "med": 0,
            "max": 0,
            "p(90)": 0,
            "p(95)": 0
        },
        "vus": {
            "value": 10,
            "min": 10,
            "max": 10
        },
        "http_req_duration{expected_response:true}": {
            "p(90)": 10.451743399999998,
            "p(95)": 12.1361285,
            "avg": 6.45629375204328,
            "min": 1.113367,
            "med": 5.9281655,
            "max": 36.44397
        },
        "data_sent": {
            "count": 1475802,
            "rate": 245733.4959229686
        },
        "http_req_sending": {
            "avg": 0.018976444002650757,
            "min": 0.00548,
            "med": 0.010045499999999999,
            "max": 3.000945,
            "p(90)": 0.0165171,
            "p(95)": 0.022935700000000045
        },
        "http_req_receiving": {
            "avg": 2.3763519459907196,
            "min": 0.016535,
            "med": 1.8015590000000001,
            "max": 24.455457,
            "p(90)": 5.597349599999999,
            "p(95)": 7.2204568500000015
        },
        "iteration_duration": {
            "avg": 6.616912943781751,
            "min": 1.216774,
            "med": 6.0811085,
            "max": 36.660156,
            "p(90)": 10.677003599999999,
            "p(95)": 12.366528400000005
        },
        "checks": {
            "passes": 18108,
            "fails": 0,
            "value": 1
        },
        "iterations": {
            "count": 9054,
            "rate": 1507.5674596501142
        },
        "http_reqs": {
            "count": 9054,
            "rate": 1507.5674596501142
        },
        "http_req_failed": {
            "passes": 0,
            "fails": 9054,
            "value": 0
        },
        "http_req_duration": {
            "avg": 6.45629375204328,
            "min": 1.113367,
            "med": 5.9281655,
            "max": 36.44397,
            "p(90)": 10.451743399999998,
            "p(95)": 12.1361285
        }
    }
}