{
    "root_group": {
        "name": "",
        "path": "",
        "id": "d41d8cd98f00b204e9800998ecf8427e",
        "groups": {},
        "checks": {
                "status 200": {
                    "name": "status 200",
                    "path": "::status 200",
                    "id": "fad9fa412b86fcb03bee97c80dcd61f1",
                    "passes": 6528,
                    "fails": 0
                },
                "has DONE": {
                    "name": "has DONE",
                    "path": "::has DONE",
                    "id": "19ca296a6342945a257a3dbfec52eab5",
                    "passes": 6528,
                    "fails": 0
                }
            }
    },
    "metrics": {
        "http_reqs": {
            "count": 6528,
            "rate": 1087.079821536444
        },
        "http_req_connecting": {
            "p(90)": 0,
            "p(95)": 0,
            "avg": 0.0014629211090686274,
            "min": 0,
            "med": 0,
            "max": 1.226608
        },
        "checks": {
            "passes": 13056,
            "fails": 0,
            "value": 1
        },
        "data_received": {
            "rate": 9513072.986549709,
            "count": 57126753
        },
        "vus_max": {
            "value": 10,
            "min": 10,
            "max": 10
        },
        "iterations": {
            "count": 6528,
            "rate": 1087.079821536444
        },
        "http_req_sending": {
            "avg": 0.021554783241421557,
            "min": 0.005649,
            "med": 0.0102035,
            "max": 4.791846,
            "p(90)": 0.0171311,
            "p(95)": 0.023799449999999993
        },
        "data_sent": {
            "count": 1064064,
            "rate": 177194.01091044035
        },
        "http_req_duration{expected_response:true}": {
            "med": 8.394697,
            "max": 37.053877,
            "p(90)": 14.205705600000002,
            "p(95)": 16.5042944,
            "avg": 9.013033176011021,
            "min": 1.546666
        },
        "http_req_tls_handshaking": {
            "med": 0,
            "max": 0,
            "p(90)": 0,
            "p(95)": 0,
            "avg": 0,
            "min": 0
        },
        "vus": {
            "value": 10,
            "min": 10,
            "max": 10
        },
        "http_req_failed": {
            "passes": 0,
            "fails": 6528,
            "value": 0
        },
        "iteration_duration": {
            "med": 8.554027999999999,
            "max": 37.136093,
            "p(90)": 14.3822617,
            "p(95)": 16.7571562,
            "avg": 9.183274635110285,
            "min": 1.650499
        },
        "http_req_blocked": {
            "min": 0.001475,
            "med": 0.002767,
            "max": 3.851641,
            "p(90)": 0.0039553,
            "p(95)": 0.004525649999999999,
            "avg": 0.009188066636029411
        },
        "http_req_waiting": {
            "p(95)": 10.36677675,
            "avg": 4.609820115042898,
            "min": 0.190761,
            "med": 3.941875,
            "max": 24.028828,
            "p(90)": 8.6243292
        },
        "http_req_receiving": {
            "med": 3.7817005000000004,
            "max": 32.110853,
            "p(90)": 8.6512431,
            "p(95)": 10.770645099999998,
            "avg": 4.3816582777267135,
            "min": 0.028569
        },
        "http_req_duration": {
            "med": 8.394697,
            "max": 37.053877,
            "p(90)": 14.205705600000002,
            "p(95)": 16.5042944,
            "avg": 9.013033176011021,
            "min": 1.546666
        }
    }
}