{
    "root_group": {
        "path": "",
        "id": "d41d8cd98f00b204e9800998ecf8427e",
        "groups": {},
        "checks": {
                "status 200": {
                    "fails": 0,
                    "name": "status 200",
                    "path": "::status 200",
                    "id": "fad9fa412b86fcb03bee97c80dcd61f1",
                    "passes": 91896
                },
                "has DONE": {
                    "passes": 91896,
                    "fails": 0,
                    "name": "has DONE",
                    "path": "::has DONE",
                    "id": "19ca296a6342945a257a3dbfec52eab5"
                }
            },
        "name": ""
    },
    "metrics": {
        "http_req_connecting": {
            "avg": 0.0000345076717158527,
            "min": 0,
            "med": 0,
            "max": 0.547976,
            "p(90)": 0,
            "p(95)": 0
        },
        "http_req_sending": {
            "max": 5.919971,
            "p(90)": 0.0165305,
            "p(95)": 0.023726749999999998,
            "avg": 0.019439228997997885,
            "min": 0.004786,
            "med": 0.01025
        },
        "http_reqs": {
            "count": 91896,
            "rate": 1531.4593795620174
        },
        "iterations": {
            "count": 91896,
            "rate": 1531.4593795620174
        },
        "http_req_failed": {
            "passes": 0,
            "fails": 91896,
            "value": 0
        },
        "data_sent": {
            "count": 14979048,
            "rate": 249627.87886860885
        },
        "checks": {
            "passes": 183792,
            "fails": 0,
            "value": 1
        },
        "data_received": {
            "rate": 12488370.936127933,
            "count": 749371058
        },
        "http_req_duration{expected_response:true}": {
            "med": 5.9396925,
            "max": 32.931736,
            "p(90)": 10.0307945,
            "p(95)": 11.683538500000001,
            "avg": 6.363692117872393,
            "min": 0.926012
        },
        "iteration_duration": {
            "avg": 6.516115002404963,
            "min": 1.002106,
            "med": 6.0875585,
            "max": 33.004496,
            "p(90)": 10.2072605,
            "p(95)": 11.8589425
        },
        "http_req_duration": {
            "min": 0.926012,
            "med": 5.9396925,
            "max": 32.931736,
            "p(90)": 10.0307945,
            "p(95)": 11.683538500000001,
            "avg": 6.363692117872393
        },
        "http_req_waiting": {
            "p(95)": 8.17935125,
            "avg": 3.910998352256883,
            "min": 0.194326,
            "med": 3.4612875,
            "max": 24.306701,
            "p(90)": 7.083659
        },
        "http_req_tls_handshaking": {
            "avg": 0,
            "min": 0,
            "med": 0,
            "max": 0,
            "p(90)": 0,
            "p(95)": 0
        },
        "vus": {
            "min": 10,
            "max": 10,
            "value": 10
        },
        "vus_max": {
            "value": 10,
            "min": 10,
            "max": 10
        },
        "http_req_receiving": {
            "min": 0.015774,
            "med": 1.9581465,
            "max": 25.685275,
            "p(90)": 5.633081000000001,
            "p(95)": 6.985282,
            "avg": 2.433254536617467
        },
        "http_req_blocked": {
            "avg": 0.0049952941042047385,
            "min": 0.001407,
            "med": 0.002818,
            "max": 5.795031,
            "p(90)": 0.00396,
            "p(95)": 0.004423
        }
    }
}