{
    "metrics": {
        "http_req_connecting": {
            "p(90)": 0,
            "p(95)": 0,
            "avg": 0.0008421170887345991,
            "min": 0,
            "med": 0,
            "max": 6.224763
        },
        "http_req_blocked": {
            "p(90)": 0.003851,
            "p(95)": 0.004367,
            "avg": 0.005237760274110052,
            "min": 0.001316,
            "med": 0.002778,
            "max": 6.265224
        },
        "iterations": {
            "count": 99668,
            "rate": 1423.8215205016793
        },
        "data_sent": {
            "count": 16245884,
            "rate": 232082.90784177373
        },
        "iteration_duration": {
            "avg": 49.84900863944317,
            "min": 1.033415,
            "med": 13.0887455,
            "max": 942.902252,
            "p(90)": 146.5248285000001,
            "p(95)": 202.04396464999996
        },
        "http_req_duration{expected_response:true}": {
            "p(95)": 201.8280972999999,
            "avg": 49.68980981161502,
            "min": 0.920998,
            "med": 12.912414,
            "max": 942.834188,
            "p(90)": 146.36077960000006
        },
        "http_req_tls_handshaking": {
            "p(95)": 0,
            "avg": 0,
            "min": 0,
            "med": 0,
            "max": 0,
            "p(90)": 0
        },
        "http_req_failed": {
            "fails": 99668,
            "passes": 0,
            "value": 0
        },
        "http_reqs": {
            "count": 99668,
            "rate": 1423.8215205016793
        },
        "data_received": {
            "count": 812911733,
            "rate": 11612967.248401847
        },
        "http_req_waiting": {
            "p(90)": 117.49924400000003,
            "p(95)": 169.0252027999999,
            "avg": 36.13566042307449,
            "min": 0.161159,
            "med": 6.1302705,
            "max": 785.308817
        },
        "checks": {
            "passes": 199336,
            "fails": 0,
            "value": 1
        },
        "http_req_duration": {
            "avg": 49.68980981161502,
            "min": 0.920998,
            "med": 12.912414,
            "max": 942.834188,
            "p(90)": 146.36077960000006,
            "p(95)": 201.8280972999999
        },
        "http_req_receiving": {
            "avg": 13.53584702863498,
            "min": 0.01615,
            "med": 2.5311835,
            "max": 718.438472,
            "p(90)": 39.91102770000001,
            "p(95)": 79.78724629999998
        },
        "vus": {
            "max": 199,
            "value": 1,
            "min": 1
        },
        "http_req_sending": {
            "p(90)": 0.016216300000000003,
            "p(95)": 0.022133649999999994,
            "avg": 0.018302359904884335,
            "min": 0.004742,
            "med": 0.010116,
            "max": 8.435519
        },
        "vus_max": {
            "value": 200,
            "min": 200,
            "max": 200
        }
    },
    "root_group": {
        "name": "",
        "path": "",
        "id": "d41d8cd98f00b204e9800998ecf8427e",
        "groups": {},
        "checks": {
                "status 200": {
                    "fails": 0,
                    "name": "status 200",
                    "path": "::status 200",
                    "id": "fad9fa412b86fcb03bee97c80dcd61f1",
                    "passes": 99668
                },
                "has DONE": {
                    "name": "has DONE",
                    "path": "::has DONE",
                    "id": "19ca296a6342945a257a3dbfec52eab5",
                    "passes": 99668,
                    "fails": 0
                }
            }
    }
}