{
    "metrics": {
        "http_req_failed": {
            "passes": 0,
            "fails": 93910,
            "value": 0
        },
        "http_req_duration": {
            "avg": 6.25265194494739,
            "min": 0.731345,
            "med": 5.815977500000001,
            "max": 35.126429,
            "p(90)": 10.195376100000002,
            "p(95)": 11.969058600000002
        },
        "http_req_connecting": {
            "avg": 0.00003359087424129486,
            "min": 0,
            "med": 0,
            "max": 0.543648,
            "p(90)": 0,
            "p(95)": 0
        },
        "iteration_duration": {
            "avg": 6.378127958236638,
            "min": 0.778914,
            "med": 5.9402895000000004,
            "max": 35.217136,
            "p(90)": 10.336897000000002,
            "p(95)": 12.11700785
        },
        "data_received": {
            "count": 818331740,
            "rate": 13637184.709144484
        },
        "iterations": {
            "count": 93910,
            "rate": 1564.9741461033375
        },
        "http_reqs": {
            "count": 93910,
            "rate": 1564.9741461033375
        },
        "http_req_sending": {
            "avg": 0.01715173685443514,
            "min": 0.002629,
            "med": 0.008426,
            "max": 7.115136,
            "p(90)": 0.014623,
            "p(95)": 0.02719770000000004
        },
        "vus": {
            "value": 10,
            "min": 10,
            "max": 10
        },
        "http_req_tls_handshaking": {
            "avg": 0,
            "min": 0,
            "med": 0,
            "max": 0,
            "p(90)": 0,
            "p(95)": 0
        },
        "http_req_waiting": {
            "min": 0.131066,
            "med": 3.2977,
            "max": 22.699377,
            "p(90)": 6.9119161,
            "p(95)": 8.011930950000002,
            "avg": 3.6580327391545078
        },
        "checks": {
            "passes": 187820,
            "fails": 0,
            "value": 1
        },
        "data_sent": {
            "count": 15307330,
            "rate": 255090.785814844
        },
        "vus_max": {
            "value": 10,
            "min": 10,
            "max": 10
        },
        "http_req_receiving": {
            "med": 1.7587225,
            "max": 28.629576,
            "p(90)": 6.147234300000001,
            "p(95)": 7.733090850000002,
            "avg": 2.577467468938362,
            "min": 0.017539
        },
        "http_req_duration{expected_response:true}": {
            "p(90)": 10.195376100000002,
            "p(95)": 11.969058600000002,
            "avg": 6.25265194494739,
            "min": 0.731345,
            "med": 5.815977500000001,
            "max": 35.126429
        },
        "http_req_blocked": {
            "med": 0.002132,
            "max": 4.961227,
            "p(90)": 0.003048,
            "p(95)": 0.003533,
            "avg": 0.0033916313598126024,
            "min": 0.000728
        }
    },
    "root_group": {
        "checks": {
            "status 200": {
                "passes": 93910,
                "fails": 0,
                "name": "status 200",
                "path": "::status 200",
                "id": "fad9fa412b86fcb03bee97c80dcd61f1"
            },
            "has DONE": {
                "path": "::has DONE",
                "id": "19ca296a6342945a257a3dbfec52eab5",
                "passes": 93910,
                "fails": 0,
                "name": "has DONE"
            }
        },
        "name": "",
        "path": "",
        "id": "d41d8cd98f00b204e9800998ecf8427e",
        "groups": {}
    }
}